{"cameraMode":{"drawMode":0,"name":"Shaded","section":"Shading Mode"},"sceneLighting":true,"audioPlay":false,"sceneViewState":{"m_AlwaysRefresh":false,"showFog":true,"showSkybox":true,"showFlares":true,"showImageEffects":true,"showParticleSystems":true,"showVisualEffectGraphs":true,"m_FxEnabled":true},"in2DMode":false,"pivot":{"x":-0.8543022871017456,"y":-0.03143462911248207,"z":7.330141067504883},"rotation":{"x":-0.11322847753763199,"y":-0.6470345258712769,"z":0.09799449145793915,"w":-0.7476159930229187},"size":1.810484528541565,"orthographic":false}